threat_id,threat_title,damage,reproducibility,exploitability,affected_users,discoverability,total_risk_score,risk_level,confidence_level,mitigation_effort,business_impact,technical_impact,likelihood,impact_scope,justification,recommendations
01K662DM00Z2S7TSHM236NF4DB,SQL Injection,7,6,7,5,6,31,high,high,medium,,,high,system_wide,"SQL Injection can lead to significant data breaches and unauthorized access to sensitive information, making it a high-risk threat.",Implement parameterized queries and prepared statements.; Conduct regular security audits and code reviews.
01K662DM00P62E9MP7E2RY67J7,Cross-Site Scripting (XSS),6,6,6,5,6,29,high,medium,medium,,,high,organization_wide,"XSS can compromise user sessions and lead to data theft, affecting a broad user base.",Sanitize and validate all user inputs.; Use Content Security Policy (CSP) to mitigate XSS risks.
01K662DM007VTBDSR7QPR8V2BJ,Denial of Service (DoS),8,5,6,7,5,31,high,high,high,,,high,system_wide,"DoS attacks can render the application unavailable to users, impacting service reliability.",Implement rate limiting and traffic filtering.; Utilize AWS Shield for DDoS protection.
01K662DM00PVNMMTA4AT52HCPQ,Insecure Direct Object References (IDOR),6,5,6,5,5,27,medium,medium,medium,,,medium,local,"IDOR can lead to unauthorized access to resources, but the impact is generally limited to affected users.",Implement proper access controls and authorization checks.; Regularly review and test access controls.
01K662DM00KJ4RR5X7WGAYSG3W,Sensitive Data Exposure,8,6,6,7,6,33,high,high,high,,,medium,organization_wide,Exposure of sensitive data can lead to severe privacy violations and regulatory penalties.,Encrypt sensitive data at rest and in transit.; Implement strict access controls and monitoring.
01K662DM00E2VS4PATP3RZTA9G,Authentication Bypass,7,6,6,6,5,30,high,medium,high,,,medium,system_wide,Bypassing authentication can lead to unauthorized access to user accounts and sensitive data.,"Implement strong authentication mechanisms, such as multi-factor authentication.; Regularly review and update authentication processes."
01K662DM00M1TR6BQHY9MYC4F7,Cross-Site Request Forgery (CSRF),6,5,5,5,5,26,medium,medium,medium,,,medium,local,"CSRF can lead to unauthorized actions on behalf of authenticated users, but the impact is generally limited to specific actions.",Use anti-CSRF tokens in forms and state-changing requests.; Implement same-site cookie attributes.
01K662DM01T7R8FDZRBNHRY6RM,Insufficient Logging and Monitoring,5,5,5,5,5,25,medium,medium,medium,,,medium,organization_wide,"Insufficient logging can delay detection of breaches, but the direct impact on users is limited.",Implement comprehensive logging and monitoring solutions.; Regularly review logs for suspicious activities.
01K662DM01HP9XAERCZ1AXCPBB,Improper Input Validation,6,6,6,5,5,28,medium,medium,medium,,,medium,local,"Improper input validation can lead to various attacks, but the impact is often contained to specific functionalities.",Implement strict input validation and sanitization.; Conduct regular security testing to identify vulnerabilities.
