threat_id,threat_title,damage,reproducibility,exploitability,affected_users,discoverability,avg_risk_score,risk_level,confidence_level,mitigation_effort,business_impact,technical_impact,likelihood,impact_scope,justification,recommendations
01K627ECNNQ37Z7DC510D3KMAK,User Account Spoofing,5,5,5,5,5,25,medium,medium,medium,,,high,organization_wide,"User account spoofing can lead to unauthorized access, affecting multiple users and potentially compromising sensitive data.",Implement multi-factor authentication.; Enhance user training on phishing attacks.
01K627ECNPE1DDJBGD2P6CPQXF,Session Hijacking,5,5,5,5,5,25,medium,medium,medium,,,high,organization_wide,"Session hijacking can compromise user sessions, affecting user trust and data integrity.",Use secure cookies and implement session expiration.; Monitor session activity for anomalies.
01K627ECNPMVZYEEC7XBNFJ3CP,SQL Injection,5,5,5,5,5,25,medium,medium,high,,,high,system_wide,"SQL injection can lead to unauthorized data access or modification, impacting the database integrity.",Implement parameterized queries and input validation.; Regularly test for SQL injection vulnerabilities.
01K627ECNPT06JEA9YR6WF2QWQ,Cross-Site Scripting (XSS),5,5,5,5,5,25,medium,medium,high,,,high,organization_wide,"XSS can lead to data theft and user session compromise, affecting multiple users.",Sanitize user inputs and implement Content Security Policy (CSP).; Educate users about the risks of XSS.
01K627ECNP1VTV6T8QF75N251S,Data Exposure in Transit,5,5,5,5,5,25,medium,medium,medium,,,high,organization_wide,Data exposure during transmission can lead to sensitive information being intercepted.,Ensure all data in transit is encrypted using TLS.; Regularly audit data transmission protocols.
01K627ECNP654YDCZWBFQEM17Z,Insecure API Access,5,5,5,5,5,25,medium,medium,high,,,high,system_wide,Insecure APIs can expose sensitive data and allow unauthorized access to backend services.,Implement API authentication and authorization mechanisms.; Regularly test APIs for vulnerabilities.
01K627ECNPKFWB0X910JXEYTB9,Denial of Service (DoS) Attack,5,5,5,5,5,25,medium,medium,high,,,high,organization_wide,"DoS attacks can disrupt service availability for all users, impacting business operations.",Implement rate limiting and traffic filtering.; Use DDoS protection services.
01K627ECNQ3Y8MXC9JTE6RZ5Q8,Improper Input Validation,5,5,5,5,5,25,medium,medium,high,,,high,system_wide,"Improper input validation can lead to various injection attacks, compromising application integrity.",Implement strict input validation and sanitization.; Conduct regular security training for developers.
01K627ECNQS6SZKFW7XZ88PY0J,Data Breach due to Misconfigured Azure Services,5,5,5,5,5,25,medium,medium,high,,,high,organization_wide,"Misconfiguration can lead to unauthorized access to sensitive data, impacting data confidentiality.",Regularly review and audit Azure service configurations.; Implement security best practices for Azure services.
01K627ECNQ2QASAH0PXKR91281,Insufficient Logging and Monitoring,5,5,5,5,5,25,medium,medium,medium,,,high,organization_wide,"Insufficient logging makes it difficult to detect and respond to security incidents, increasing overall risk.",Implement comprehensive logging and monitoring solutions.; Regularly review logs for suspicious activity.
